,colloc
0,значительный часть
1,цель изучение
2,процесс являться
3,несколько вид
4,основа теория
5,который предназначить
6,применять формула
7,наиболее часто
8,хорошо известный
9,принцип построение
10,иметь два
11,вполне достаточно
12,который следовать
13,который зависеть
14,свой задача
15,который обычно
16,иметь следующий
17,этот метод
18,являться частный
19,такой род
20,следующий определение
21,этот характеристика
22,аналогичный образ
23,способ решение
24,область применение
25,такой операция
26,простой пример
27,использоваться специальный
28,меняться условие
29,дальнейший мы
30,применяться только
31,правило этот
32,свой функция
33,некоторый случай
34,помощь который
35,данные условие
36,система обеспечивать
37,рамка один
38,описать выше
39,характерный черта
40,быть найти
41,другой тип
42,момент время
43,мочь участвовать
44,этот функция
45,более точный
46,быть сформулировать
47,мочь возникать
48,который применяться
49,рассмотреть пример
50,основный свойство
51,наиболее важный
52,разный способ
53,являться единственный
54,взаимный расположение
55,иметься два
56,два различный
57,рассмотреть основной
58,этот принцип
59,обработка данные
60,определённый действие
61,очень короткий
62,мочь иметь
63,возможность использовать
64,конечный продукт
65,множество содержать
66,наиболее простой
67,следующий последовательность
68,являться обязательный
69,приводить пример
70,который определять
71,принцип работа
72,который принимать
73,который мы
74,мочь вызвать
75,процесс создание
76,следующий пример
77,определить какой
78,использование метод
79,совокупность весь
80,химический элемент
81,отличаться друг
82,она выполнение
83,отличаться только
84,только значение
85,оказывать влияние
86,мы пользоваться
87,задача являться
88,каждый такой
89,проблема связанный
90,сложный структура
91,другой способ
92,можно назвать
93,найти решение
94,система определяться
95,мы мочь
96,дальнейший развитие
97,следующий вид
98,первый поколение
99,можно сформулировать
100,следующий операция
101,сложность который
102,отсюда следовать
103,место занимать
104,сложный система
105,кинетический энергия
106,рассмотреть этот
107,иметь различный
108,отсюда получать
109,данный подход
110,можно привести
111,который содержать
112,являться основа
113,возникать необходимость
114,тот факт
115,этот проблема
116,иной способ
117,способ реализация
118,мочь включать
119,можно сказать
120,равный нуль
121,обладать способность
122,значение соответствовать
123,данный объект
124,соответствовать один
125,можно показать
126,общий принцип
127,основной понятие
128,больший степень
129,функция выполнять
130,являться следствие
131,этап разработка
132,далее быть
133,иметь вид
134,наш задача
135,затрата время
136,тот случай
137,этот способствовать
138,более высокий
139,процедура который
140,отдельный компонент
141,иметь такой
142,мочь оказаться
143,последовательность действие
144,достаточно большой
145,более подробно
146,который процесс
147,предыдущий пример
148,иметь одинаковый
149,этот этап
150,некоторый количество
151,мы рассматривать
152,который иметь
153,быть выбрать
154,иметь более
155,который называться
156,можно найти
157,доказать существование
158,помощь метод
159,который выполнять
160,оценка являться
161,направление движение
162,она использование
163,который состоять
164,частный случай
165,нужно определить
166,быть преобразовать
167,решать проблема
168,мы получать
169,такой подход
170,больший расстояние
171,исследование показать
172,выполнение функция
173,практический значение
174,ресурс мочь
175,который производиться
176,уже упоминаться
177,любой значение
178,который существовать
179,разный условие
180,основной функция
181,следующий утверждение
182,мочь изменять
183,использоваться такой
184,протяжение весь
185,параметр который
186,весь процесс
187,большой число
188,очень похожий
189,быть определить
190,каждый строка
191,мочь привести
192,этот гипотеза
193,пример можно
194,полный список
195,передача информация
196,часто встречаться
197,иметь существенный
198,обеспечивать возможность
199,широко использовать
200,результат являться
201,можно определять
202,быть различный
203,они основа
204,основной свойство
205,выполнение работа
206,другой подход
207,существовать два
208,соответствовать образ
209,указанный вид
210,сообщение который
211,где происходить
212,должный выполняться
213,главный функция
214,класс являться
215,можно сделать
216,достаточно часто
217,пример применение
218,этот класс
219,иметь общий
220,следующий выражение
221,следующий условие
222,очень важный
223,который начинаться
224,данный случай
225,весь необходимый
226,удовлетворять условие
227,можно применить
228,элемент являться
229,значение некоторый
230,побочный эффект
231,система позволять
232,исходный информация
233,следующий шаг
234,который выполняться
235,уже существовать
236,который мочь
237,можно обнаружить
238,самый первый
239,объект иметь
240,обладать следующий
241,пример рассмотреть
242,который иметься
243,общий закономерность
244,компонент система
245,этот последовательность
246,этот задача
247,определённый условие
248,два вариант
249,наиболее распространить
250,данный тип
251,который передаваться
252,широко распространить
253,выполнение который
254,развитие который
255,успешный завершение
256,метод метод
257,который строиться
258,использоваться термин
259,позволять определять
260,использовать формула
261,быть указать
262,этот значение
263,общий вид
264,условие существование
265,система иметь
266,мочь показаться
267,который служить
268,рассматривать система
269,этот факт
270,наш случай
271,который относиться
272,весь система
273,этот компонент
274,размер который
275,больший значение
276,рассмотреть задача
277,давать возможность
278,функция являться
279,иметь некоторый
280,наш пример
281,очень важно
282,быть доказать
283,пример мочь
284,который выделяться
285,который включать
286,который образовать
287,получить знание
288,она можно
289,главный образ
290,этот операция
291,выполнение некоторый
292,такой структура
293,быть достигнуть
294,два основный
295,признак мочь
296,перечисленный выше
297,можно разделить
298,причина возникновение
299,мочь относиться
300,получить информация
301,другой система
302,реализация который
303,возможный ситуация
304,такой действие
305,течение весь
306,мы видеть
307,внешний фактор
308,можно говорить
309,первый шаг
310,высказать предположение
311,можно воспользоваться
312,свободный пространство
313,должный иметь
314,быть рассматривать
315,иначе говорить
316,можно отнести
317,этот вид
318,специфический условие
319,они относиться
320,другой метод
321,более ранний
322,который возникать
323,задача управление
324,метод который
325,некоторый конкретный
326,найти значение
327,этот фактор
328,обработка информация
329,помощь специальный
330,разный уровень
331,который связать
332,рассмотреть ещё
333,быть обозначать
334,являться следующий
335,мочь приводить
336,нижний грань
337,проблема который
338,он использоваться
339,получить значение
340,механический напряжение
341,получать информация
342,конечный счёт
343,мочь отсутствовать
344,функция принимать
345,последний мочь
346,выделить область
347,верхний граница
348,решение этот
349,новый способ
350,свой род
351,мочь определить
352,использоваться только
353,который вызывать
354,система можно
355,мы рассмотреть
356,рассмотреть некоторый
357,алгоритм который
358,признак который
359,существенно зависеть
360,очень характерный
361,значение быть
362,они представить
363,один класс
364,быть связать
365,основный назначение
366,модель организация
367,более тот
368,подобный случай
369,более короткий
370,быть реализовать
371,мы считать
372,достаточный количество
373,характерный особенность
374,важный функция
375,иметь доступ
376,другой функция
377,любой другой
378,левый часть
379,можно получить
380,этот подход
381,иметь смысл
382,мочь встречаться
383,основный часть
384,условный обозначение
385,иметься следующий
386,доступный только
387,программа который
388,база данные
389,быть отметить
390,реализация этот
391,каждый вид
392,должный обеспечивать
393,система являться
394,подавлять большинство
395,изменение концентрация
396,группа относиться
397,более широкий
398,данные этот
399,выше пример
400,способ использование
401,общий случай
402,низкий температура
403,быть равный
404,данный вид
405,конкретный система
406,экспериментальный подтверждение
407,мы потребоваться
408,представлять себя
409,этот формула
410,иметься некоторый
411,иметь место
412,который обладать
413,задача решать
414,основный идея
415,этот область
416,первый взгляд
417,мочь использоваться
418,этот процесс
419,они иметь
420,случай использование
421,который формироваться
422,наличие такой
423,следующий правило
424,следующий свойство
425,позволять создавать
426,краткий обзор
427,мы необходимо
428,делать вывод
429,иметься возможность
430,можно рассматривать
431,заложить основа
432,данный процесс
433,информация мочь
434,некоторый число
435,задача который
436,предоставлять возможность
437,весь время
438,возникать проблема
439,некоторый дополнительный
440,рассмотреть следующий
441,два тип
442,быть ввести
443,более низкий
444,такой способ
445,быть использовать
446,можно доказать
447,два вид
448,этот система
449,они выполнять
450,действие который
451,конкретный условие
452,являться базовый
453,определить следующий
454,этот пример
455,достаточно сложный
456,мочь различаться
457,неблагоприятный условие
458,мочь зависеть
459,задача мочь
460,различный вид
461,использовать следующий
462,явный вид
463,они результат
464,начальный этап
465,позволять использовать
466,функция можно
467,более быстрый
468,элемент который
469,различный способ
470,включать следующий
471,необходимо знать
472,она являться
473,правый часть
474,мы иметь
475,существенный изменение
476,рамка данный
477,мочь принимать
478,они являться
479,который обеспечивать
480,существенно отличаться
481,выглядеть следующий
482,мочь содержать
483,различный функция
484,другой часть
485,возможность использование
486,условие возникновение
487,быть выполняться
488,некоторый другой
489,являться основный
490,специальный вид
491,пример использование
492,позволять получить
493,ресурс который
494,некоторый система
495,функция такой
496,сам объект
497,который можно
498,который развиваться
499,задача иметь
500,такой последовательность
501,который осуществляться
502,быть установить
503,следовать отметить
504,который происходить
505,работа этот
506,иметь свой
507,большой количество
508,можно взять
509,решать задача
510,который затем
511,существовать ещё
512,этот точка
513,иной слово
514,который указывать
515,большинство другой
516,обладать свойство
517,каждый элемент
518,первый очередь
519,первый случай
520,можно применять
521,который представить
522,следующий этап
523,являться наиболее
524,основный компонент
525,очень больший
526,такой вид
527,точный решение
528,такой элемент
529,позволять осуществлять
530,мочь выполнять
531,можно определить
532,иметь возможность
533,более простой
534,внешний воздействие
535,являться элемент
536,решение уравнение
537,необходимый информация
538,быть значительно
539,можно представить
540,один важный
541,конечный число
542,последовательный выполнение
543,тесно связать
544,который определяться
545,некоторый проблема
546,который включаться
547,использоваться следующий
548,мочь являться
549,достаточно простой
550,схема который
551,этот вероятность
552,достаточный условие
553,результат мочь
554,результат этот
555,хранить информация
556,ввести понятие
557,который наиболее
558,быть описать
559,мы определять
560,строго определённый
561,мочь применяться
562,выполнять роль
563,более эффективный
564,важный фактор
565,широко использоваться
566,определение тот
567,два разный
568,который содержаться
569,некоторый вопрос
570,иметь большой
571,оценка сложность
572,можно использовать
573,который совпадать
574,речь идти
575,возможный решение
576,быть записать
577,быть выполнить
578,мочь происходить
579,достаточно высокий
580,общий структура
581,одинаковый значение
582,настоящий время
583,принимать значение
584,являться минимальный
585,внешний условие
586,иметь разный
587,можно построить
588,метод решение
589,этот механизм
590,который позволять
591,следующий строка
592,содержать ошибка
593,этот схема
594,быть рассмотреть
595,этот процедура
596,получить выражение
597,наиболее существенный
598,получать следующий
599,мы доказать
600,выполнять функция
601,наиболее подходящий
602,быть доступный
603,язык позволять
604,содержать описание
605,определяться формула
606,важный особенность
607,каждый конкретный
608,входной данные
609,следовать использовать
610,можно выбрать
611,соответствующий тип
612,необходимо иметь
613,вид такой
614,такой система
615,должный включать
616,являться источник
617,этот определение
618,отдельный элемент
619,некоторый объект
620,весь совокупность
621,получать значение
622,следующий метод
623,значение равный
624,этот цель
625,получить название
626,иметь сложный
627,создавать новый
628,получить уравнение
629,вообще говорить
630,более общий
631,достаточно больший
632,быть разработать
633,легко видеть
634,другой вид
635,новый условие
636,наш система
637,данный пример
638,который нести
639,классический метод
640,простой способ
641,содержать набор
642,средний величина
643,быть считать
644,функция этот
645,быть заменить
646,мочь служить
647,определение понятие
648,быть получить
649,можно ввести
650,иметь определённый
651,отмечаться выше
652,образ доказать
653,дополнительный информация
654,время выполнение
655,высокий уровень
656,мочь возникнуть
657,они состоять
658,первый этап
659,цель проект
660,они можно
661,использовать этот
662,процесс происходить
663,этот два
664,компонент являться
665,физический свойство
666,такой случай
667,быть представить
668,содержать информация
669,который характерный
670,мочь отличаться
671,фактор который
672,такой метод
673,получить результат
674,они использоваться
675,функция который
676,быть построить
677,выполняться условие
678,более сложный
679,этот способ
680,случай мочь
681,вопрос касаться
682,этот эффект
683,получить следующий
684,один сторона
685,ход работа
686,привести выше
687,некоторый набор
688,определённый степень
689,весь возможный
690,быть показать
691,связать друг
692,который представлять
693,возможный значение
694,который использовать
695,широкий распространение
696,мочь рассматриваться
697,метод мочь
698,объект который
699,должный обладать
700,иметь сходный
701,который достигать
702,быть выделить
703,содержать только
704,который способный
705,являться часть
706,который необходимо
707,некоторый элемент
708,часто использоваться
709,можно считать
710,являться отношение
711,следующий образ
712,больший количество
713,можно указать
714,мы использовать
715,более компактный
716,мочь использовать
717,конкретный задача
718,такой образ
719,точка зрение
720,общий схема
721,мочь потребоваться
722,мочь существовать
723,необходимый условие
724,повышение эффективность
725,два способ
726,найти такой
727,способ построение
728,уровень понимание
729,объект являться
730,рассмотреть выше
731,период развитие
732,состояние объект
733,этот концепция
734,система состоять
735,иметь три
736,основной положение
737,работа такой
738,привести пример
739,количество элемент
740,результат выполнение
741,важный свойство
742,рассмотреть теперь
743,являться результат
744,который необходимый
745,каждый объект
746,существенный роль
747,разный вид
748,процесс обработка
749,становиться более
750,только тогда
751,решение проблема
752,позволять выполнять
753,являться объект
754,функция мочь
755,который соответствовать
756,большинство случай
757,давать определение
758,можно рассмотреть
759,разный род
760,многий случай
761,можно выделить
762,мочь изменяться
763,тогда существовать
764,возникать вопрос
765,основной компонент
766,который есть
767,довольно часто
768,использование такой
769,значение иметь
770,мочь осуществляться
771,основный задача
772,который представляться
773,процесс мочь
774,который использоваться
